approach,precision depth 10,recall depth 10,F1 depth 10
initial,0.972,1.0,0.9858012170385395
refined,0.975,1.0,0.9873417721518987
