approach,precision depth 10,recall depth 10,F1 depth 10
initial,0.522,1.0,0.6859395532194481
refined,0.65,0.844,0.7344042838018742
