approach,precision depth 10,recall depth 10,F1 depth 10
initial,0.157,1.0,0.2713915298184961
refined,0.996,1.0,0.9979959919839679
