approach,precision depth 10,recall depth 10,F1 depth 10
initial,0.879,1.0,0.9356040447046301
refined,0.992,1.0,0.9959839357429718
