approach,precision depth 10,recall depth 10,F1 depth 10
initial,0.999,1.0,0.9994997498749374
refined,0.999,1.0,0.9994997498749374
